source,target
acesfulfame potassium,artificial and natural coloring
acesfulfame potassium,artificial and natural flavors
acesfulfame potassium,aspartame
acesfulfame potassium,bht
acesfulfame potassium,caffeine
acesfulfame potassium,calcium chloride
acesfulfame potassium,calcium phosphate
acesfulfame potassium,citric acid
acesfulfame potassium,corn syrup
acesfulfame potassium,dextrose
acesfulfame potassium,glycerin
acesfulfame potassium,guar gum
acesfulfame potassium,gum arabic
acesfulfame potassium,malic acid
acesfulfame potassium,maltodextrin
acesfulfame potassium,potassium citrate
acesfulfame potassium,salt
acesfulfame potassium,sodium benzoate
acesfulfame potassium,sodium citrate
acesfulfame potassium,soy lecithin
acesfulfame potassium,starch
acesfulfame potassium,sucralose
acesfulfame potassium,sugar
acesfulfame potassium,vitamins
acesfulfame potassium,water
acetic acid,artificial and natural coloring
acetic acid,artificial and natural flavors
acetic acid,garlic
acetic acid,salt
acetic acid,seasoning
acetic acid,sodium benzoate
acetic acid,soybean
acetic acid,spices
acetic acid,sugar
acetic acid,tomato paste
acetic acid,tomatoes
acetic acid,vegetable oil
acetic acid,water
almonds,artificial and natural flavors
almonds,butter
almonds,cashews
almonds,garlic
almonds,guar gum
almonds,maltodextrin
almonds,milk
almonds,onion
almonds,peanuts
almonds,pecans
almonds,salt
almonds,seasoning
almonds,spices
almonds,sugar
almonds,vegetable oil
almonds,whey
annatto,artificial and natural coloring
annatto,artificial and natural flavors
annatto,ascorbic acid
annatto,butter
annatto,butter milk
annatto,cheddar cheese
annatto,citric acid
annatto,corn syrup
annatto,dextrose
annatto,disodium guanylate
annatto,disodium inosinate
annatto,flour
annatto,garlic
annatto,leavening
annatto,malic acid
annatto,maltodextrin
annatto,milk
annatto,monosodium glutamate
annatto,onion
annatto,paprika
annatto,parmesan cheese
annatto,parsley
annatto,pectin
annatto,polysorbate
annatto,salt
annatto,silicon dioxide
annatto,sodium caseinate
annatto,sodium citrate
annatto,sodium phosphates
annatto,sodium stearoyl lactylate
annatto,soy lecithin
annatto,soybean
annatto,spices
annatto,sugar
annatto,water
annatto,whey
annatto,yeast
apple,artificial and natural coloring
apple,artificial and natural flavors
apple,carrageenan
apple,citric acid
apple,coconut
apple,corn syrup
apple,dextrose
apple,guar gum
apple,honey
apple,leavening
apple,malic acid
apple,maltodextrin
apple,molasses
apple,potassium sorbate
apple,salt
apple,sesame seeds
apple,sodium benzoate
apple,spices
apple,starch
apple,sugar
apple,vanilla
apple,vegetable oil
apple,vitamins
apple,water
apple,whey
apple,xanthan gum
apple,yeast
apple juice concentrate,artificial and natural flavors
apple juice concentrate,ascorbic acid
apple juice concentrate,citric acid
apple juice concentrate,pectin
apple juice concentrate,vitamins
apple juice concentrate,water
artificial and natural coloring,artificial and natural coloring
artificial and natural coloring,artificial and natural flavors
artificial and natural coloring,ascorbic acid
artificial and natural coloring,aspartame
artificial and natural coloring,baking soda
artificial and natural coloring,barley malt extract
artificial and natural coloring,beta carotene
artificial and natural coloring,bht
artificial and natural coloring,butter
artificial and natural coloring,butter milk
artificial and natural coloring,caffeine
artificial and natural coloring,calcium carbonate
artificial and natural coloring,calcium chloride
artificial and natural coloring,calcium disodium edta
artificial and natural coloring,calcium phosphate
artificial and natural coloring,calcium propionate
artificial and natural coloring,calcium sulfate
artificial and natural coloring,carnauba wax
artificial and natural coloring,carrageenan
artificial and natural coloring,celery
artificial and natural coloring,cellulose gum
artificial and natural coloring,cheddar cheese
artificial and natural coloring,chicken
artificial and natural coloring,chocolate
artificial and natural coloring,citric acid
artificial and natural coloring,cocoa
artificial and natural coloring,coconut
artificial and natural coloring,corn syrup
artificial and natural coloring,cream
artificial and natural coloring,datem
artificial and natural coloring,dextrose
artificial and natural coloring,diglycerides
artificial and natural coloring,disodium guanylate
artificial and natural coloring,disodium inosinate
artificial and natural coloring,dough conditioners
artificial and natural coloring,eggs
artificial and natural coloring,flour
artificial and natural coloring,folic acid
artificial and natural coloring,fructose
artificial and natural coloring,garlic
artificial and natural coloring,gelatin
artificial and natural coloring,glycerin
artificial and natural coloring,guar gum
artificial and natural coloring,gum arabic
artificial and natural coloring,honey
artificial and natural coloring,hydrolyzed soy protein
artificial and natural coloring,lactic acid
artificial and natural coloring,lactose
artificial and natural coloring,leavening
artificial and natural coloring,lemon juice concentrate
artificial and natural coloring,malic acid
artificial and natural coloring,maltodextrin
artificial and natural coloring,milk
artificial and natural coloring,molasses
artificial and natural coloring,mono diglycerides
artificial and natural coloring,monosodium glutamate
artificial and natural coloring,onion
artificial and natural coloring,paprika
artificial and natural coloring,parmesan cheese
artificial and natural coloring,parsley
artificial and natural coloring,peanut butter
artificial and natural coloring,peanuts
artificial and natural coloring,pecans
artificial and natural coloring,pectin
artificial and natural coloring,phosphoric acid
artificial and natural coloring,polysorbate
artificial and natural coloring,potassium chloride
artificial and natural coloring,potassium citrate
artificial and natural coloring,potassium sorbate
artificial and natural coloring,potatoes
artificial and natural coloring,pyridoxine hydrochloride
artificial and natural coloring,raisins
artificial and natural coloring,reduced iron
artificial and natural coloring,riboflavin
artificial and natural coloring,rice flour
artificial and natural coloring,salt
artificial and natural coloring,silicon dioxide
artificial and natural coloring,sodium benzoate
artificial and natural coloring,sodium caseinate
artificial and natural coloring,sodium citrate
artificial and natural coloring,sodium phosphates
artificial and natural coloring,sodium stearoyl lactylate
artificial and natural coloring,sorbic acid
artificial and natural coloring,soy flour
artificial and natural coloring,soy lecithin
artificial and natural coloring,soy sauce
artificial and natural coloring,soybean
artificial and natural coloring,spices
artificial and natural coloring,starch
artificial and natural coloring,sucralose
artificial and natural coloring,sugar
artificial and natural coloring,thiamine
artificial and natural coloring,titanium dioxide
artificial and natural coloring,tocopherols
artificial and natural coloring,tomato paste
artificial and natural coloring,tricalcium phosphate
artificial and natural coloring,turmeric
artificial and natural coloring,vanilla
artificial and natural coloring,vegetable oil
artificial and natural coloring,vegetable oils
artificial and natural coloring,vinegar
artificial and natural coloring,vitamins
artificial and natural coloring,water
artificial and natural coloring,wheat flour
artificial and natural coloring,wheat gluten
artificial and natural coloring,whey
artificial and natural coloring,xanthan gum
artificial and natural coloring,yeast
artificial and natural coloring,zinc oxide
artificial and natural flavors,artificial and natural flavors
artificial and natural flavors,ascorbic acid
artificial and natural flavors,aspartame
artificial and natural flavors,baking powder
artificial and natural flavors,baking soda
artificial and natural flavors,beef
artificial and natural flavors,beta carotene
artificial and natural flavors,bht
artificial and natural flavors,black pepper
artificial and natural flavors,butter
artificial and natural flavors,butter milk
artificial and natural flavors,caffeine
artificial and natural flavors,calcium carbonate
artificial and natural flavors,calcium chloride
artificial and natural flavors,calcium disodium edta
artificial and natural flavors,calcium phosphate
artificial and natural flavors,calcium propionate
artificial and natural flavors,calcium sulfate
artificial and natural flavors,carnauba wax
artificial and natural flavors,carrageenan
artificial and natural flavors,carrots
artificial and natural flavors,celery
artificial and natural flavors,cellulose gum
artificial and natural flavors,cheddar cheese
artificial and natural flavors,chicken
artificial and natural flavors,chocolate
artificial and natural flavors,citric acid
artificial and natural flavors,cocoa
artificial and natural flavors,coconut
artificial and natural flavors,corn syrup
artificial and natural flavors,cream
artificial and natural flavors,datem
artificial and natural flavors,dextrose
artificial and natural flavors,diglycerides
artificial and natural flavors,disodium guanylate
artificial and natural flavors,disodium inosinate
artificial and natural flavors,dough conditioners
artificial and natural flavors,eggs
artificial and natural flavors,flour
artificial and natural flavors,folic acid
artificial and natural flavors,fructose
artificial and natural flavors,garlic
artificial and natural flavors,gelatin
artificial and natural flavors,glycerin
artificial and natural flavors,guar gum
artificial and natural flavors,gum arabic
artificial and natural flavors,honey
artificial and natural flavors,hydrolyzed corn protein
artificial and natural flavors,hydrolyzed soy protein
artificial and natural flavors,lactic acid
artificial and natural flavors,lactose
artificial and natural flavors,leavening
artificial and natural flavors,lemon juice concentrate
artificial and natural flavors,malic acid
artificial and natural flavors,maltodextrin
artificial and natural flavors,milk
artificial and natural flavors,molasses
artificial and natural flavors,mono diglycerides
artificial and natural flavors,monosodium glutamate
artificial and natural flavors,onion
artificial and natural flavors,paprika
artificial and natural flavors,parmesan cheese
artificial and natural flavors,parsley
artificial and natural flavors,peanut butter
artificial and natural flavors,peanuts
artificial and natural flavors,pecans
artificial and natural flavors,pectin
artificial and natural flavors,pepper
artificial and natural flavors,phosphoric acid
artificial and natural flavors,polysorbate
artificial and natural flavors,potassium chloride
artificial and natural flavors,potassium citrate
artificial and natural flavors,potassium sorbate
artificial and natural flavors,potatoes
artificial and natural flavors,pyridoxine hydrochloride
artificial and natural flavors,raisins
artificial and natural flavors,reduced iron
artificial and natural flavors,riboflavin
artificial and natural flavors,rice flour
artificial and natural flavors,salt
artificial and natural flavors,seasoning
artificial and natural flavors,silicon dioxide
artificial and natural flavors,sodium acetate
artificial and natural flavors,sodium ascorbate
artificial and natural flavors,sodium benzoate
artificial and natural flavors,sodium caseinate
artificial and natural flavors,sodium citrate
artificial and natural flavors,sodium nitrite
artificial and natural flavors,sodium phosphates
artificial and natural flavors,sodium propionate
artificial and natural flavors,sodium stearoyl lactylate
artificial and natural flavors,sorbic acid
artificial and natural flavors,sorbitol
artificial and natural flavors,soy flour
artificial and natural flavors,soy lecithin
artificial and natural flavors,soy sauce
artificial and natural flavors,soybean
artificial and natural flavors,spices
artificial and natural flavors,starch
artificial and natural flavors,sucralose
artificial and natural flavors,sugar
artificial and natural flavors,thiamine
artificial and natural flavors,titanium dioxide
artificial and natural flavors,tocopherols
artificial and natural flavors,tomato paste
artificial and natural flavors,tomato powder
artificial and natural flavors,tomatoes
artificial and natural flavors,tricalcium phosphate
artificial and natural flavors,turmeric
artificial and natural flavors,vegetable oil
artificial and natural flavors,vegetable oils
artificial and natural flavors,vinegar
artificial and natural flavors,vitamins
artificial and natural flavors,water
artificial and natural flavors,wheat flour
artificial and natural flavors,wheat gluten
artificial and natural flavors,whey
artificial and natural flavors,xanthan gum
artificial and natural flavors,yeast
artificial and natural flavors,zinc oxide
ascorbic acid,baking powder
ascorbic acid,carnauba wax
ascorbic acid,citric acid
ascorbic acid,corn syrup
ascorbic acid,dextrose
ascorbic acid,diglycerides
ascorbic acid,glycerin
ascorbic acid,guar gum
ascorbic acid,lactic acid
ascorbic acid,malic acid
ascorbic acid,milk
ascorbic acid,mono diglycerides
ascorbic acid,pectin
ascorbic acid,pyridoxine hydrochloride
ascorbic acid,riboflavin
ascorbic acid,salt
ascorbic acid,sodium citrate
ascorbic acid,sodium propionate
ascorbic acid,soy lecithin
ascorbic acid,starch
ascorbic acid,sugar
ascorbic acid,tocopherols
ascorbic acid,vegetable oil
ascorbic acid,vitamins
ascorbic acid,water
ascorbic acid,wheat flour
aspartame,bht
aspartame,caffeine
aspartame,calcium disodium edta
aspartame,calcium phosphate
aspartame,citric acid
aspartame,corn syrup
aspartame,dextrose
aspartame,glycerin
aspartame,guar gum
aspartame,gum arabic
aspartame,lemon juice concentrate
aspartame,malic acid
aspartame,maltodextrin
aspartame,potassium citrate
aspartame,potassium sorbate
aspartame,sodium benzoate
aspartame,sodium citrate
aspartame,soy lecithin
aspartame,starch
aspartame,sugar
aspartame,water
baking powder,beta carotene
baking powder,butter
baking powder,dextrose
baking powder,diglycerides
baking powder,mono diglycerides
baking powder,potassium chloride
baking powder,salt
baking powder,sodium propionate
baking powder,soybean
baking powder,sugar
baking powder,vegetable oil
baking powder,water
baking powder,xanthan gum
baking soda,carnauba wax
baking soda,chocolate
baking soda,cocoa
baking soda,coconut
baking soda,corn syrup
baking soda,dextrose
baking soda,eggs
baking soda,flour
baking soda,leavening
baking soda,milk
baking soda,peanuts
baking soda,riboflavin
baking soda,salt
baking soda,soy lecithin
baking soda,starch
baking soda,sugar
baking soda,thiamine
baking soda,vegetable oil
baking soda,whey
barley malt extract,citric acid
barley malt extract,corn syrup
barley malt extract,garlic
barley malt extract,maltodextrin
barley malt extract,potassium chloride
barley malt extract,salt
barley malt extract,sugar
barley malt extract,wheat flour
barley malt extract,yeast
beef,citric acid
beef,dextrose
beef,monosodium glutamate
beef,salt
beef,sodium acetate
beef,sodium nitrite
beef,spices
beef,sugar
beef,water
beta carotene,butter
beta carotene,dextrose
beta carotene,diglycerides
beta carotene,dough conditioners
beta carotene,milk
beta carotene,mono diglycerides
beta carotene,potassium chloride
beta carotene,salt
beta carotene,sodium benzoate
beta carotene,sodium propionate
beta carotene,sorbic acid
beta carotene,soybean
beta carotene,spices
beta carotene,sugar
beta carotene,vegetable oil
beta carotene,vinegar
beta carotene,water
beta carotene,xanthan gum
beta carotene,yeast
bht,citric acid
bht,corn syrup
bht,dextrose
bht,flour
bht,folic acid
bht,glycerin
bht,guar gum
bht,gum arabic
bht,honey
bht,polysorbate
bht,potassium sorbate
bht,reduced iron
bht,riboflavin
bht,salt
bht,soy flour
bht,soy lecithin
bht,sugar
bht,thiamine
bht,vitamins
bht,xanthan gum
bht,zinc oxide
black pepper,citric acid
black pepper,garlic
black pepper,onion
black pepper,paprika
black pepper,parmesan cheese
black pepper,parsley
black pepper,potatoes
black pepper,salt
black pepper,spices
black pepper,sugar
black pepper,tomatoes
black pepper,turmeric
black pepper,vegetable oil
black pepper,yeast
butter,butter milk
butter,calcium propionate
butter,calcium sulfate
butter,chocolate
butter,citric acid
butter,cocoa
butter,coconut
butter,corn syrup
butter,dextrose
butter,diglycerides
butter,disodium guanylate
butter,disodium inosinate
butter,dough conditioners
butter,flour
butter,garlic
butter,guar gum
butter,honey
butter,hydrolyzed corn protein
butter,maltodextrin
butter,milk
butter,molasses
butter,mono diglycerides
butter,onion
butter,paprika
butter,peanut butter
butter,pepper
butter,potassium chloride
butter,potatoes
butter,raisins
butter,salt
butter,seasoning
butter,silicon dioxide
butter,sodium phosphates
butter,sodium propionate
butter,soy flour
butter,soy lecithin
butter,soybean
butter,spices
butter,starch
butter,sugar
butter,tomato powder
butter,vegetable oil
butter,vinegar
butter,water
butter,wheat flour
butter,wheat gluten
butter,whey
butter,xanthan gum
butter,yeast
butter milk,cheddar cheese
butter milk,citric acid
butter milk,corn syrup
butter milk,dextrose
butter milk,disodium guanylate
butter milk,disodium inosinate
butter milk,flour
butter milk,garlic
butter milk,leavening
butter milk,malic acid
butter milk,maltodextrin
butter milk,milk
butter milk,monosodium glutamate
butter milk,onion
butter milk,paprika
butter milk,parmesan cheese
butter milk,parsley
butter milk,polysorbate
butter milk,salt
butter milk,silicon dioxide
butter milk,sodium caseinate
butter milk,sodium phosphates
butter milk,sodium stearoyl lactylate
butter milk,soy lecithin
butter milk,soybean
butter milk,spices
butter milk,sugar
butter milk,whey
butter milk,yeast
caffeine,artificial and natural flavors
caffeine,calcium disodium edta
caffeine,carnauba wax
caffeine,carrageenan
caffeine,citric acid
caffeine,coconut
caffeine,corn syrup
caffeine,gelatin
caffeine,glycerin
caffeine,guar gum
caffeine,lemon juice concentrate
caffeine,malic acid
caffeine,phosphoric acid
caffeine,potassium sorbate
caffeine,sodium benzoate
caffeine,sodium citrate
caffeine,starch
caffeine,water
calcium carbonate,calcium sulfate
calcium carbonate,carnauba wax
calcium carbonate,celery
calcium carbonate,chocolate
calcium carbonate,citric acid
calcium carbonate,cocoa
calcium carbonate,corn syrup
calcium carbonate,datem
calcium carbonate,dextrose
calcium carbonate,diglycerides
calcium carbonate,eggs
calcium carbonate,flour
calcium carbonate,fructose
calcium carbonate,garlic
calcium carbonate,gelatin
calcium carbonate,glycerin
calcium carbonate,leavening
calcium carbonate,milk
calcium carbonate,molasses
calcium carbonate,mono diglycerides
calcium carbonate,onion
calcium carbonate,pork
calcium carbonate,reduced iron
calcium carbonate,salt
calcium carbonate,sodium lactate
calcium carbonate,sodium stearoyl lactylate
calcium carbonate,soy lecithin
calcium carbonate,soybean
calcium carbonate,spices
calcium carbonate,starch
calcium carbonate,sugar
calcium carbonate,vanilla
calcium carbonate,vegetable oil
calcium carbonate,vitamins
calcium carbonate,water
calcium carbonate,wheat flour
calcium carbonate,wheat gluten
calcium carbonate,whey
calcium carbonate,xanthan gum
calcium carbonate,yeast
calcium chloride,citric acid
calcium chloride,guar gum
calcium chloride,maltodextrin
calcium chloride,pectin
calcium chloride,polysorbate
calcium chloride,potassium citrate
calcium chloride,potassium sorbate
calcium chloride,salt
calcium chloride,sodium benzoate
calcium chloride,sucralose
calcium chloride,vinegar
calcium chloride,vitamins
calcium chloride,water
calcium chloride,xanthan gum
calcium disodium edta,carrageenan
calcium disodium edta,carrots
calcium disodium edta,citric acid
calcium disodium edta,corn syrup
calcium disodium edta,cream
calcium disodium edta,diglycerides
calcium disodium edta,garlic
calcium disodium edta,gelatin
calcium disodium edta,guar gum
calcium disodium edta,lactic acid
calcium disodium edta,lemon juice concentrate
calcium disodium edta,malic acid
calcium disodium edta,maltodextrin
calcium disodium edta,molasses
calcium disodium edta,mono diglycerides
calcium disodium edta,monosodium glutamate
calcium disodium edta,onion
calcium disodium edta,pecans
calcium disodium edta,pepper
calcium disodium edta,phosphoric acid
calcium disodium edta,polysorbate
calcium disodium edta,potassium sorbate
calcium disodium edta,salt
calcium disodium edta,sodium benzoate
calcium disodium edta,sodium citrate
calcium disodium edta,sodium phosphates
calcium disodium edta,spices
calcium disodium edta,starch
calcium disodium edta,sugar
calcium disodium edta,titanium dioxide
calcium disodium edta,tomato paste
calcium disodium edta,vegetable oil
calcium disodium edta,vinegar
calcium disodium edta,water
calcium disodium edta,whey
calcium disodium edta,xanthan gum
calcium phosphate,citric acid
calcium phosphate,gum arabic
calcium phosphate,maltodextrin
calcium phosphate,potassium citrate
calcium phosphate,sodium citrate
calcium propionate,calcium sulfate
calcium propionate,datem
calcium propionate,dextrose
calcium propionate,dough conditioners
calcium propionate,flour
calcium propionate,honey
calcium propionate,milk
calcium propionate,mono diglycerides
calcium propionate,oat fiber
calcium propionate,raisins
calcium propionate,salt
calcium propionate,sorbic acid
calcium propionate,soy flour
calcium propionate,soy lecithin
calcium propionate,spices
calcium propionate,starch
calcium propionate,sugar
calcium propionate,vegetable oil
calcium propionate,water
calcium propionate,wheat flour
calcium propionate,wheat gluten
calcium propionate,whey
calcium propionate,yeast
calcium sulfate,carrageenan
calcium sulfate,cocoa
calcium sulfate,coconut
calcium sulfate,corn syrup
calcium sulfate,dextrose
calcium sulfate,dough conditioners
calcium sulfate,enzymes
calcium sulfate,flour
calcium sulfate,honey
calcium sulfate,leavening
calcium sulfate,maltodextrin
calcium sulfate,milk
calcium sulfate,raisins
calcium sulfate,reduced iron
calcium sulfate,salt
calcium sulfate,sodium phosphates
calcium sulfate,soy flour
calcium sulfate,soy lecithin
calcium sulfate,spices
calcium sulfate,starch
calcium sulfate,sugar
calcium sulfate,vegetable oil
calcium sulfate,vinegar
calcium sulfate,water
calcium sulfate,wheat flour
calcium sulfate,wheat gluten
calcium sulfate,yeast
carnauba wax,carrageenan
carnauba wax,cellulose gum
carnauba wax,citric acid
carnauba wax,cocoa
carnauba wax,coconut
carnauba wax,corn syrup
carnauba wax,dextrose
carnauba wax,diglycerides
carnauba wax,flour
carnauba wax,fructose
carnauba wax,gelatin
carnauba wax,glycerin
carnauba wax,guar gum
carnauba wax,gum arabic
carnauba wax,leavening
carnauba wax,malic acid
carnauba wax,maltodextrin
carnauba wax,milk
carnauba wax,mono diglycerides
carnauba wax,polysorbate
carnauba wax,potassium sorbate
carnauba wax,pyridoxine hydrochloride
carnauba wax,reduced iron
carnauba wax,riboflavin
carnauba wax,rice flour
carnauba wax,salt
carnauba wax,sodium ascorbate
carnauba wax,sodium citrate
carnauba wax,sodium stearoyl lactylate
carnauba wax,soy lecithin
carnauba wax,soybean
carnauba wax,starch
carnauba wax,sugar
carnauba wax,thiamine
carnauba wax,vegetable oil
carnauba wax,vegetable oils
carnauba wax,vitamins
carnauba wax,water
carnauba wax,xanthan gum
carrageenan,carrots
carrageenan,cellulose gum
carrageenan,citric acid
carrageenan,cocoa
carrageenan,coconut
carrageenan,corn syrup
carrageenan,cream
carrageenan,dextrose
carrageenan,diglycerides
carrageenan,enzymes
carrageenan,fructose
carrageenan,garlic
carrageenan,gelatin
carrageenan,glycerin
carrageenan,guar gum
carrageenan,gum arabic
carrageenan,honey
carrageenan,lactic acid
carrageenan,leavening
carrageenan,lemon juice concentrate
carrageenan,malic acid
carrageenan,maltodextrin
carrageenan,milk
carrageenan,molasses
carrageenan,mono diglycerides
carrageenan,monosodium glutamate
carrageenan,onion
carrageenan,pecans
carrageenan,pectin
carrageenan,phosphoric acid
carrageenan,polysorbate
carrageenan,potassium sorbate
carrageenan,rice flour
carrageenan,salt
carrageenan,sodium benzoate
carrageenan,sodium citrate
carrageenan,sodium phosphates
carrageenan,sodium stearoyl lactylate
carrageenan,soy lecithin
carrageenan,soybean
carrageenan,spices
carrageenan,starch
carrageenan,sugar
carrageenan,titanium dioxide
carrageenan,vegetable oil
carrageenan,vegetable oils
carrageenan,vinegar
carrageenan,water
carrageenan,whey
carrageenan,xanthan gum
carrots,celery
carrots,citric acid
carrots,cream
carrots,diglycerides
carrots,garlic
carrots,gelatin
carrots,guar gum
carrots,lactic acid
carrots,mono diglycerides
carrots,monosodium glutamate
carrots,onion
carrots,phosphoric acid
carrots,potassium chloride
carrots,potassium sorbate
carrots,salt
carrots,sodium phosphates
carrots,spices
carrots,starch
carrots,sugar
carrots,titanium dioxide
carrots,tomato paste
carrots,vegetable oil
carrots,vinegar
carrots,water
carrots,whey
carrots,xanthan gum
carrots,yeast
cashews,peanuts
cashews,pecans
cashews,salt
cashews,vegetable oil
celery,cheddar cheese
celery,citric acid
celery,diglycerides
celery,flour
celery,garlic
celery,hydrolyzed soy protein
celery,maltodextrin
celery,milk
celery,mono diglycerides
celery,monosodium glutamate
celery,onion
celery,paprika
celery,pork
celery,potassium chloride
celery,potatoes
celery,salt
celery,silicon dioxide
celery,sodium lactate
celery,sodium phosphates
celery,soy flour
celery,soy lecithin
celery,spices
celery,starch
celery,sugar
celery,tomato paste
celery,vegetable oil
celery,water
celery,wheat gluten
celery,whey
celery,yeast
cellulose gum,citric acid
cellulose gum,cocoa
cellulose gum,corn syrup
cellulose gum,dextrose
cellulose gum,diglycerides
cellulose gum,fructose
cellulose gum,guar gum
cellulose gum,gum arabic
cellulose gum,maltodextrin
cellulose gum,milk
cellulose gum,mono diglycerides
cellulose gum,pectin
cellulose gum,polysorbate
cellulose gum,potassium sorbate
cellulose gum,rice flour
cellulose gum,salt
cellulose gum,sodium caseinate
cellulose gum,sodium citrate
cellulose gum,sodium stearoyl lactylate
cellulose gum,soy lecithin
cellulose gum,soybean
cellulose gum,starch
cellulose gum,sugar
cellulose gum,vegetable oil
cellulose gum,vegetable oils
cellulose gum,water
cellulose gum,whey
cheddar cheese,citric acid
cheddar cheese,corn syrup
cheddar cheese,dextrose
cheddar cheese,diglycerides
cheddar cheese,disodium guanylate
cheddar cheese,disodium inosinate
cheddar cheese,flour
cheddar cheese,garlic
cheddar cheese,hydrolyzed soy protein
cheddar cheese,lactic acid
cheddar cheese,leavening
cheddar cheese,malic acid
cheddar cheese,maltodextrin
cheddar cheese,milk
cheddar cheese,mono diglycerides
cheddar cheese,monosodium glutamate
cheddar cheese,onion
cheddar cheese,paprika
cheddar cheese,parmesan cheese
cheddar cheese,parsley
cheddar cheese,polysorbate
cheddar cheese,potatoes
cheddar cheese,rice flour
cheddar cheese,salt
cheddar cheese,silicon dioxide
cheddar cheese,sodium caseinate
cheddar cheese,sodium citrate
cheddar cheese,sodium phosphates
cheddar cheese,sodium stearoyl lactylate
cheddar cheese,soy flour
cheddar cheese,soy lecithin
cheddar cheese,soybean
cheddar cheese,spices
cheddar cheese,starch
cheddar cheese,sugar
cheddar cheese,tomato powder
cheddar cheese,vegetable oil
cheddar cheese,whey
cheddar cheese,yeast
chicken,cream
chicken,garlic
chicken,onion
chicken,potassium chloride
chicken,salt
chicken,spices
chicken,starch
chicken,tomato paste
chicken,water
chicken,yeast
chocolate,chocolate
chocolate,cocoa
chocolate,corn syrup
chocolate,dextrose
chocolate,eggs
chocolate,flour
chocolate,gelatin
chocolate,honey
chocolate,leavening
chocolate,molasses
chocolate,peanut butter
chocolate,peanuts
chocolate,raisins
chocolate,salt
chocolate,soy lecithin
chocolate,soybean
chocolate,spices
chocolate,starch
chocolate,sugar
chocolate,vegetable oil
chocolate,vitamins
chocolate,wheat flour
chocolate,whey
chocolate,xanthan gum
citric acid,baking powder
citric acid,cocoa
citric acid,coconut
citric acid,corn syrup
citric acid,cream
citric acid,dextrose
citric acid,diglycerides
citric acid,disodium guanylate
citric acid,disodium inosinate
citric acid,flour
citric acid,folic acid
citric acid,fructose
citric acid,garlic
citric acid,gelatin
citric acid,glycerin
citric acid,guar gum
citric acid,gum arabic
citric acid,hydrolyzed corn protein
citric acid,lactic acid
citric acid,leavening
citric acid,lemon juice concentrate
citric acid,malic acid
citric acid,maltodextrin
citric acid,milk
citric acid,mono diglycerides
citric acid,monosodium glutamate
citric acid,onion
citric acid,paprika
citric acid,parmesan cheese
citric acid,parsley
citric acid,pectin
citric acid,pepper
citric acid,phosphoric acid
citric acid,polysorbate
citric acid,pork
citric acid,potassium chloride
citric acid,potassium citrate
citric acid,potassium sorbate
citric acid,potatoes
citric acid,pyridoxine hydrochloride
citric acid,riboflavin
citric acid,rice flour
citric acid,salt
citric acid,silicon dioxide
citric acid,sodium acetate
citric acid,sodium ascorbate
citric acid,sodium benzoate
citric acid,sodium caseinate
citric acid,sodium citrate
citric acid,sodium lactate
citric acid,sodium nitrite
citric acid,sodium phosphates
citric acid,sodium propionate
citric acid,sodium stearoyl lactylate
citric acid,soy flour
citric acid,soy lecithin
citric acid,soy sauce
citric acid,soybean
citric acid,spices
citric acid,starch
citric acid,sucralose
citric acid,sugar
citric acid,thiamine
citric acid,titanium dioxide
citric acid,tocopherols
citric acid,tomato powder
citric acid,tomatoes
citric acid,turmeric
citric acid,vanilla
citric acid,vegetable oil
citric acid,vegetable oils
citric acid,vinegar
citric acid,vitamins
citric acid,water
citric acid,wheat flour
citric acid,wheat gluten
citric acid,whey
citric acid,xanthan gum
citric acid,yeast
cocoa,cocoa
cocoa,coconut
cocoa,corn syrup
cocoa,datem
cocoa,dextrose
cocoa,diglycerides
cocoa,eggs
cocoa,flour
cocoa,folic acid
cocoa,fructose
cocoa,gelatin
cocoa,glycerin
cocoa,gum arabic
cocoa,honey
cocoa,lactose
cocoa,leavening
cocoa,maltodextrin
cocoa,molasses
cocoa,mono diglycerides
cocoa,peanut butter
cocoa,peanuts
cocoa,polysorbate
cocoa,potassium sorbate
cocoa,pyridoxine hydrochloride
cocoa,raisins
cocoa,reduced iron
cocoa,riboflavin
cocoa,rice flour
cocoa,salt
cocoa,sodium phosphates
cocoa,sodium stearoyl lactylate
cocoa,soy lecithin
cocoa,soybean
cocoa,spices
cocoa,starch
cocoa,sugar
cocoa,thiamine
cocoa,vanilla
cocoa,vegetable oil
cocoa,vegetable oils
cocoa,vitamins
cocoa,water
cocoa,wheat flour
cocoa,whey
cocoa,xanthan gum
coconut,corn syrup
coconut,dextrose
coconut,eggs
coconut,flour
coconut,gelatin
coconut,glycerin
coconut,guar gum
coconut,honey
coconut,leavening
coconut,malic acid
coconut,maltodextrin
coconut,milk
coconut,molasses
coconut,salt
coconut,sodium ascorbate
coconut,sodium benzoate
coconut,sodium citrate
coconut,sodium phosphates
coconut,soy lecithin
coconut,starch
coconut,sugar
coconut,vegetable oil
coconut,water
coconut,whey
coconut,xanthan gum
corn,dextrose
corn,garlic
corn,lactic acid
corn,maltodextrin
corn,paprika
corn,sodium acetate
corn,soy lecithin
corn,spices
corn,vinegar
corn syrup,baking powder
corn syrup,carnauba wax
corn syrup,citric acid
corn syrup,corn syrup
corn syrup,datem
corn syrup,dextrose
corn syrup,diglycerides
corn syrup,disodium guanylate
corn syrup,disodium inosinate
corn syrup,eggs
corn syrup,enzymes
corn syrup,flour
corn syrup,folic acid
corn syrup,fructose
corn syrup,garlic
corn syrup,gelatin
corn syrup,glycerin
corn syrup,guar gum
corn syrup,gum arabic
corn syrup,honey
corn syrup,lactic acid
corn syrup,lactose
corn syrup,leavening
corn syrup,lemon juice concentrate
corn syrup,malic acid
corn syrup,maltodextrin
corn syrup,milk
corn syrup,molasses
corn syrup,mono diglycerides
corn syrup,monosodium glutamate
corn syrup,onion
corn syrup,paprika
corn syrup,parmesan cheese
corn syrup,parsley
corn syrup,peanut butter
corn syrup,peanuts
corn syrup,pecans
corn syrup,pectin
corn syrup,pepper
corn syrup,phosphoric acid
corn syrup,polysorbate
corn syrup,potassium chloride
corn syrup,potassium sorbate
corn syrup,pyridoxine hydrochloride
corn syrup,raisins
corn syrup,reduced iron
corn syrup,riboflavin
corn syrup,rice flour
corn syrup,salt
corn syrup,sodium benzoate
corn syrup,sodium caseinate
corn syrup,sodium citrate
corn syrup,sodium phosphates
corn syrup,sodium propionate
corn syrup,sodium stearoyl lactylate
corn syrup,sorbitol
corn syrup,soy lecithin
corn syrup,soy sauce
corn syrup,soybean
corn syrup,spices
corn syrup,starch
corn syrup,sugar
corn syrup,thiamine
corn syrup,titanium dioxide
corn syrup,tomato paste
corn syrup,turmeric
corn syrup,vanilla
corn syrup,vegetable oil
corn syrup,vegetable oils
corn syrup,vinegar
corn syrup,vitamins
corn syrup,water
corn syrup,wheat flour
corn syrup,whey
corn syrup,xanthan gum
corn syrup,yeast
cream,diglycerides
cream,garlic
cream,gelatin
cream,guar gum
cream,lactic acid
cream,mono diglycerides
cream,monosodium glutamate
cream,onion
cream,phosphoric acid
cream,potassium sorbate
cream,salt
cream,sodium phosphates
cream,spices
cream,titanium dioxide
cream,tomato paste
cream,vegetable oil
cream,vinegar
cream,water
cream,whey
cream,xanthan gum
datem,dextrose
datem,diglycerides
datem,eggs
datem,flour
datem,folic acid
datem,gelatin
datem,honey
datem,lactose
datem,leavening
datem,milk
datem,mono diglycerides
datem,oat fiber
datem,pyridoxine hydrochloride
datem,reduced iron
datem,riboflavin
datem,salt
datem,sodium stearoyl lactylate
datem,sorbic acid
datem,soy lecithin
datem,soybean
datem,sugar
datem,thiamine
datem,vanilla
datem,vegetable oil
datem,vitamins
datem,water
datem,wheat flour
datem,wheat gluten
datem,whey
datem,xanthan gum
datem,yeast
dextrose,diglycerides
dextrose,disodium guanylate
dextrose,disodium inosinate
dextrose,dough conditioners
dextrose,eggs
dextrose,flour
dextrose,folic acid
dextrose,fructose
dextrose,garlic
dextrose,gelatin
dextrose,glycerin
dextrose,guar gum
dextrose,gum arabic
dextrose,honey
dextrose,hydrolyzed corn protein
dextrose,lactic acid
dextrose,lactose
dextrose,leavening
dextrose,malic acid
dextrose,maltodextrin
dextrose,milk
dextrose,molasses
dextrose,mono diglycerides
dextrose,monosodium glutamate
dextrose,onion
dextrose,paprika
dextrose,parsley
dextrose,peanut butter
dextrose,potassium chloride
dextrose,potatoes
dextrose,pyridoxine hydrochloride
dextrose,raisins
dextrose,reduced iron
dextrose,riboflavin
dextrose,rice flour
dextrose,salt
dextrose,silicon dioxide
dextrose,sodium acetate
dextrose,sodium benzoate
dextrose,sodium caseinate
dextrose,sodium nitrite
dextrose,sodium propionate
dextrose,sodium stearoyl lactylate
dextrose,soy flour
dextrose,soy lecithin
dextrose,soy sauce
dextrose,soybean
dextrose,spices
dextrose,starch
dextrose,sugar
dextrose,thiamine
dextrose,tocopherols
dextrose,tomato powder
dextrose,turmeric
dextrose,vanilla
dextrose,vegetable oil
dextrose,vegetable oils
dextrose,vinegar
dextrose,vitamins
dextrose,water
dextrose,wheat flour
dextrose,wheat gluten
dextrose,whey
dextrose,xanthan gum
dextrose,yeast
diglycerides,eggs
diglycerides,flour
diglycerides,folic acid
diglycerides,fructose
diglycerides,garlic
diglycerides,gelatin
diglycerides,glycerin
diglycerides,guar gum
diglycerides,gum arabic
diglycerides,honey
diglycerides,hydrolyzed soy protein
diglycerides,lactic acid
diglycerides,lactose
diglycerides,leavening
diglycerides,maltodextrin
diglycerides,milk
diglycerides,mono diglycerides
diglycerides,monosodium glutamate
diglycerides,onion
diglycerides,paprika
diglycerides,pectin
diglycerides,phosphoric acid
diglycerides,polysorbate
diglycerides,potassium chloride
diglycerides,potassium sorbate
diglycerides,potatoes
diglycerides,pyridoxine hydrochloride
diglycerides,reduced iron
diglycerides,riboflavin
diglycerides,rice flour
diglycerides,salt
diglycerides,silicon dioxide
diglycerides,sodium benzoate
diglycerides,sodium caseinate
diglycerides,sodium citrate
diglycerides,sodium phosphates
diglycerides,sodium propionate
diglycerides,sodium stearoyl lactylate
diglycerides,soy flour
diglycerides,soy lecithin
diglycerides,soy sauce
diglycerides,soybean
diglycerides,spices
diglycerides,starch
diglycerides,sugar
diglycerides,thiamine
diglycerides,titanium dioxide
diglycerides,vegetable oil
diglycerides,vegetable oils
diglycerides,vinegar
diglycerides,vitamins
diglycerides,water
diglycerides,whey
diglycerides,xanthan gum
diglycerides,yeast
disodium guanylate,disodium inosinate
disodium guanylate,flour
disodium guanylate,garlic
disodium guanylate,leavening
disodium guanylate,malic acid
disodium guanylate,maltodextrin
disodium guanylate,milk
disodium guanylate,mono diglycerides
disodium guanylate,monosodium glutamate
disodium guanylate,onion
disodium guanylate,paprika
disodium guanylate,parmesan cheese
disodium guanylate,parsley
disodium guanylate,polysorbate
disodium guanylate,salt
disodium guanylate,silicon dioxide
disodium guanylate,sodium caseinate
disodium guanylate,sodium phosphates
disodium guanylate,sodium stearoyl lactylate
disodium guanylate,soy lecithin
disodium guanylate,soy sauce
disodium guanylate,soybean
disodium guanylate,spices
disodium guanylate,starch
disodium guanylate,sugar
disodium guanylate,tocopherols
disodium guanylate,turmeric
disodium guanylate,vegetable oil
disodium guanylate,whey
disodium guanylate,yeast
disodium inosinate,flour
disodium inosinate,garlic
disodium inosinate,leavening
disodium inosinate,malic acid
disodium inosinate,maltodextrin
disodium inosinate,milk
disodium inosinate,mono diglycerides
disodium inosinate,monosodium glutamate
disodium inosinate,onion
disodium inosinate,paprika
disodium inosinate,parmesan cheese
disodium inosinate,parsley
disodium inosinate,polysorbate
disodium inosinate,rice flour
disodium inosinate,salt
disodium inosinate,silicon dioxide
disodium inosinate,sodium caseinate
disodium inosinate,sodium phosphates
disodium inosinate,sodium stearoyl lactylate
disodium inosinate,soy lecithin
disodium inosinate,soy sauce
disodium inosinate,soybean
disodium inosinate,spices
disodium inosinate,starch
disodium inosinate,sugar
disodium inosinate,tocopherols
disodium inosinate,turmeric
disodium inosinate,vegetable oil
disodium inosinate,whey
disodium inosinate,yeast
dough conditioners,flour
dough conditioners,honey
dough conditioners,milk
dough conditioners,raisins
dough conditioners,salt
dough conditioners,soy flour
dough conditioners,soy lecithin
dough conditioners,sugar
dough conditioners,vegetable oil
dough conditioners,water
dough conditioners,wheat flour
dough conditioners,wheat gluten
dough conditioners,yeast
eggs,flour
eggs,folic acid
eggs,gelatin
eggs,lactose
eggs,leavening
eggs,milk
eggs,molasses
eggs,mono diglycerides
eggs,pyridoxine hydrochloride
eggs,reduced iron
eggs,riboflavin
eggs,salt
eggs,sodium stearoyl lactylate
eggs,sorbitol
eggs,soy lecithin
eggs,soybean
eggs,spices
eggs,sugar
eggs,thiamine
eggs,vanilla
eggs,vegetable oil
eggs,vitamins
eggs,wheat flour
eggs,whey
eggs,xanthan gum
enzymes,maltodextrin
enzymes,salt
enzymes,sodium phosphates
enzymes,sugar
enzymes,vinegar
enzymes,water
flour,dextrose
flour,flour
flour,folic acid
flour,fructose
flour,garlic
flour,gelatin
flour,glycerin
flour,honey
flour,hydrolyzed corn protein
flour,hydrolyzed soy protein
flour,lactic acid
flour,lactose
flour,leavening
flour,malic acid
flour,maltodextrin
flour,milk
flour,molasses
flour,mono diglycerides
flour,monosodium glutamate
flour,oat fiber
flour,onion
flour,paprika
flour,parmesan cheese
flour,parsley
flour,peanuts
flour,polysorbate
flour,pork
flour,potassium sorbate
flour,potatoes
flour,pyridoxine hydrochloride
flour,raisins
flour,reduced iron
flour,riboflavin
flour,salt
flour,silicon dioxide
flour,sodium caseinate
flour,sodium citrate
flour,sodium lactate
flour,sodium phosphates
flour,sodium stearoyl lactylate
flour,sorbic acid
flour,sorbitol
flour,soy flour
flour,soy lecithin
flour,soy sauce
flour,soybean
flour,spices
flour,starch
flour,sugar
flour,thiamine
flour,tocopherols
flour,tomato powder
flour,turmeric
flour,vanilla
flour,vegetable oil
flour,vinegar
flour,vitamins
flour,water
flour,wheat flour
flour,wheat gluten
flour,whey
flour,xanthan gum
flour,yeast
folic acid,gelatin
folic acid,honey
folic acid,lactose
folic acid,leavening
folic acid,molasses
folic acid,mono diglycerides
folic acid,pyridoxine hydrochloride
folic acid,reduced iron
folic acid,riboflavin
folic acid,salt
folic acid,sodium stearoyl lactylate
folic acid,soy lecithin
folic acid,soybean
folic acid,starch
folic acid,sugar
folic acid,thiamine
folic acid,turmeric
folic acid,vegetable oil
folic acid,vitamins
folic acid,whey
folic acid,xanthan gum
folic acid,zinc oxide
fructose,gelatin
fructose,glycerin
fructose,leavening
fructose,mono diglycerides
fructose,polysorbate
fructose,potassium sorbate
fructose,reduced iron
fructose,salt
fructose,sodium stearoyl lactylate
fructose,soy lecithin
fructose,soybean
fructose,sugar
fructose,vegetable oil
fructose,vegetable oils
fructose,vitamins
fructose,water
fructose,xanthan gum
garlic,corn syrup
garlic,garlic
garlic,gelatin
garlic,ginger
garlic,guar gum
garlic,hydrolyzed corn protein
garlic,iron
garlic,lactic acid
garlic,leavening
garlic,lemon juice concentrate
garlic,malic acid
garlic,maltodextrin
garlic,milk
garlic,molasses
garlic,mono diglycerides
garlic,monosodium glutamate
garlic,onion
garlic,paprika
garlic,parmesan cheese
garlic,parsley
garlic,pecans
garlic,pepper
garlic,phosphoric acid
garlic,polysorbate
garlic,pork
garlic,potassium chloride
garlic,potassium sorbate
garlic,potatoes
garlic,rice flour
garlic,salt
garlic,seasoning
garlic,silicon dioxide
garlic,sodium acetate
garlic,sodium benzoate
garlic,sodium caseinate
garlic,sodium lactate
garlic,sodium phosphates
garlic,sodium stearoyl lactylate
garlic,soy lecithin
garlic,soy sauce
garlic,soybean
garlic,spices
garlic,starch
garlic,sugar
garlic,titanium dioxide
garlic,tocopherols
garlic,tomato paste
garlic,tomato powder
garlic,tomatoes
garlic,turmeric
garlic,vegetable oil
garlic,vinegar
garlic,vitamins
garlic,water
garlic,wheat flour
garlic,wheat gluten
garlic,whey
garlic,xanthan gum
garlic,yeast
gelatin,glycerin
gelatin,guar gum
gelatin,lactic acid
gelatin,lactose
gelatin,leavening
gelatin,malic acid
gelatin,molasses
gelatin,mono diglycerides
gelatin,monosodium glutamate
gelatin,onion
gelatin,phosphoric acid
gelatin,potassium sorbate
gelatin,pyridoxine hydrochloride
gelatin,reduced iron
gelatin,riboflavin
gelatin,salt
gelatin,sodium ascorbate
gelatin,sodium citrate
gelatin,sodium phosphates
gelatin,sodium stearoyl lactylate
gelatin,soy lecithin
gelatin,soybean
gelatin,spices
gelatin,starch
gelatin,sugar
gelatin,thiamine
gelatin,titanium dioxide
gelatin,turmeric
gelatin,vanilla
gelatin,vegetable oil
gelatin,vitamins
gelatin,water
gelatin,wheat flour
gelatin,whey
gelatin,xanthan gum
ginger,monosodium glutamate
ginger,pepper
ginger,salt
ginger,sugar
ginger,vinegar
ginger,vitamins
ginger,water
ginger,xanthan gum
ginger,yeast
glycerin,guar gum
glycerin,gum arabic
glycerin,leavening
glycerin,malic acid
glycerin,mono diglycerides
glycerin,pyridoxine hydrochloride
glycerin,reduced iron
glycerin,riboflavin
glycerin,salt
glycerin,sodium ascorbate
glycerin,sodium citrate
glycerin,sodium stearoyl lactylate
glycerin,soy lecithin
glycerin,soybean
glycerin,sugar
glycerin,vegetable oil
glycerin,vitamins
glycerin,water
glycerin,xanthan gum
guar gum,guar gum
guar gum,gum arabic
guar gum,honey
guar gum,lactic acid
guar gum,leavening
guar gum,malic acid
guar gum,maltodextrin
guar gum,milk
guar gum,molasses
guar gum,mono diglycerides
guar gum,monosodium glutamate
guar gum,onion
guar gum,pectin
guar gum,phosphoric acid
guar gum,potassium sorbate
guar gum,riboflavin
guar gum,salt
guar gum,seasoning
guar gum,sodium benzoate
guar gum,sodium citrate
guar gum,sodium phosphates
guar gum,soy lecithin
guar gum,spices
guar gum,starch
guar gum,sucralose
guar gum,sugar
guar gum,titanium dioxide
guar gum,vegetable oil
guar gum,water
guar gum,whey
guar gum,xanthan gum
gum arabic,malic acid
gum arabic,maltodextrin
gum arabic,mono diglycerides
gum arabic,polysorbate
gum arabic,potassium citrate
gum arabic,potassium sorbate
gum arabic,rice flour
gum arabic,salt
gum arabic,sodium citrate
gum arabic,soy lecithin
gum arabic,soybean
gum arabic,starch
gum arabic,sugar
gum arabic,vegetable oil
gum arabic,water
honey,flour
honey,leavening
honey,malic acid
honey,maltodextrin
honey,milk
honey,molasses
honey,mono diglycerides
honey,oat fiber
honey,peanut butter
honey,raisins
honey,reduced iron
honey,riboflavin
honey,salt
honey,sodium benzoate
honey,sorbic acid
honey,soy flour
honey,soy lecithin
honey,soy sauce
honey,spices
honey,sugar
honey,thiamine
honey,vegetable oil
honey,vitamins
honey,water
honey,wheat flour
honey,wheat gluten
honey,whey
honey,xanthan gum
honey,yeast
honey,zinc oxide
hydrolyzed corn protein,maltodextrin
hydrolyzed corn protein,onion
hydrolyzed corn protein,paprika
hydrolyzed corn protein,salt
hydrolyzed corn protein,silicon dioxide
hydrolyzed corn protein,spices
hydrolyzed corn protein,sugar
hydrolyzed corn protein,tomato powder
hydrolyzed corn protein,vinegar
hydrolyzed soy protein,maltodextrin
hydrolyzed soy protein,milk
hydrolyzed soy protein,mono diglycerides
hydrolyzed soy protein,monosodium glutamate
hydrolyzed soy protein,onion
hydrolyzed soy protein,paprika
hydrolyzed soy protein,potatoes
hydrolyzed soy protein,salt
hydrolyzed soy protein,silicon dioxide
hydrolyzed soy protein,sodium phosphates
hydrolyzed soy protein,soy flour
hydrolyzed soy protein,spices
hydrolyzed soy protein,starch
hydrolyzed soy protein,vegetable oil
hydrolyzed soy protein,whey
hydrolyzed soy protein,yeast
iron,maltodextrin
iron,onion
iron,paprika
iron,salt
iron,spices
iron,sugar
iron,vitamins
lactic acid,baking powder
lactic acid,maltodextrin
lactic acid,milk
lactic acid,mono diglycerides
lactic acid,monosodium glutamate
lactic acid,onion
lactic acid,paprika
lactic acid,parsley
lactic acid,phosphoric acid
lactic acid,potassium sorbate
lactic acid,potatoes
lactic acid,rice flour
lactic acid,salt
lactic acid,silicon dioxide
lactic acid,sodium acetate
lactic acid,sodium citrate
lactic acid,sodium phosphates
lactic acid,sodium propionate
lactic acid,soy lecithin
lactic acid,spices
lactic acid,sugar
lactic acid,titanium dioxide
lactic acid,tomato powder
lactic acid,vegetable oil
lactic acid,vinegar
lactic acid,water
lactic acid,whey
lactic acid,xanthan gum
lactic acid,yeast
lactose,leavening
lactose,mono diglycerides
lactose,pyridoxine hydrochloride
lactose,reduced iron
lactose,riboflavin
lactose,salt
lactose,sodium stearoyl lactylate
lactose,soy lecithin
lactose,sugar
lactose,thiamine
lactose,vegetable oil
lactose,vitamins
lactose,whey
leavening,malic acid
leavening,maltodextrin
leavening,milk
leavening,molasses
leavening,mono diglycerides
leavening,monosodium glutamate
leavening,onion
leavening,paprika
leavening,parmesan cheese
leavening,parsley
leavening,peanuts
leavening,polysorbate
leavening,pyridoxine hydrochloride
leavening,reduced iron
leavening,riboflavin
leavening,salt
leavening,sodium benzoate
leavening,sodium caseinate
leavening,sodium phosphates
leavening,sodium stearoyl lactylate
leavening,sorbitol
leavening,soy lecithin
leavening,soybean
leavening,spices
leavening,starch
leavening,sugar
leavening,thiamine
leavening,turmeric
leavening,vanilla
leavening,vegetable oil
leavening,vitamins
leavening,water
leavening,wheat flour
leavening,whey
leavening,xanthan gum
leavening,yeast
lemon juice concentrate,malic acid
lemon juice concentrate,maltodextrin
lemon juice concentrate,onion
lemon juice concentrate,pecans
lemon juice concentrate,potassium sorbate
lemon juice concentrate,sodium benzoate
lemon juice concentrate,sodium citrate
lemon juice concentrate,spices
lemon juice concentrate,sugar
lemon juice concentrate,water
lemon juice concentrate,xanthan gum
malic acid,maltodextrin
malic acid,milk
malic acid,molasses
malic acid,monosodium glutamate
malic acid,onion
malic acid,paprika
malic acid,parmesan cheese
malic acid,parsley
malic acid,polysorbate
malic acid,potassium sorbate
malic acid,salt
malic acid,sodium ascorbate
malic acid,sodium benzoate
malic acid,sodium caseinate
malic acid,sodium citrate
malic acid,sodium phosphates
malic acid,sodium stearoyl lactylate
malic acid,soy lecithin
malic acid,soybean
malic acid,spices
malic acid,starch
malic acid,sugar
malic acid,tocopherols
malic acid,water
malic acid,wheat flour
malic acid,whey
malic acid,xanthan gum
malic acid,yeast
maltodextrin,maltodextrin
maltodextrin,milk
maltodextrin,molasses
maltodextrin,mono diglycerides
maltodextrin,monosodium glutamate
maltodextrin,onion
maltodextrin,paprika
maltodextrin,parsley
maltodextrin,peanut butter
maltodextrin,pecans
maltodextrin,pectin
maltodextrin,polysorbate
maltodextrin,potassium chloride
maltodextrin,potassium citrate
maltodextrin,potassium sorbate
maltodextrin,potatoes
maltodextrin,rice flour
maltodextrin,salt
maltodextrin,silicon dioxide
maltodextrin,sodium acetate
maltodextrin,sodium benzoate
maltodextrin,sodium citrate
maltodextrin,sodium phosphates
maltodextrin,soy flour
maltodextrin,soy lecithin
maltodextrin,soy sauce
maltodextrin,soybean
maltodextrin,spices
maltodextrin,starch
maltodextrin,sucralose
maltodextrin,sugar
maltodextrin,tocopherols
maltodextrin,tomato powder
maltodextrin,turmeric
maltodextrin,vanilla
maltodextrin,vegetable oil
maltodextrin,vinegar
maltodextrin,vitamins
maltodextrin,water
maltodextrin,wheat flour
maltodextrin,whey
maltodextrin,xanthan gum
maltodextrin,yeast
milk,baking powder
milk,milk
milk,mono diglycerides
milk,monosodium glutamate
milk,oat fiber
milk,onion
milk,paprika
milk,parmesan cheese
milk,parsley
milk,pectin
milk,polysorbate
milk,potatoes
milk,raisins
milk,reduced iron
milk,riboflavin
milk,rice flour
milk,salt
milk,seasoning
milk,silicon dioxide
milk,sodium caseinate
milk,sodium citrate
milk,sodium phosphates
milk,sodium propionate
milk,sodium stearoyl lactylate
milk,sorbic acid
milk,soy flour
milk,soy lecithin
milk,soybean
milk,spices
milk,starch
milk,sugar
milk,thiamine
milk,tomato powder
milk,vegetable oil
milk,water
milk,wheat flour
milk,wheat gluten
milk,whey
milk,yeast
molasses,onion
molasses,peanut butter
molasses,pyridoxine hydrochloride
molasses,raisins
molasses,riboflavin
molasses,salt
molasses,sodium benzoate
molasses,soy lecithin
molasses,soybean
molasses,spices
molasses,starch
molasses,sugar
molasses,thiamine
molasses,tomato paste
molasses,vegetable oil
molasses,vitamins
molasses,water
molasses,wheat flour
molasses,whey
molasses,xanthan gum
mono diglycerides,monosodium glutamate
mono diglycerides,oat fiber
mono diglycerides,onion
mono diglycerides,paprika
mono diglycerides,pectin
mono diglycerides,phosphoric acid
mono diglycerides,polysorbate
mono diglycerides,potassium chloride
mono diglycerides,potassium sorbate
mono diglycerides,potatoes
mono diglycerides,pyridoxine hydrochloride
mono diglycerides,reduced iron
mono diglycerides,riboflavin
mono diglycerides,rice flour
mono diglycerides,salt
mono diglycerides,silicon dioxide
mono diglycerides,sodium benzoate
mono diglycerides,sodium caseinate
mono diglycerides,sodium citrate
mono diglycerides,sodium phosphates
mono diglycerides,sodium propionate
mono diglycerides,sodium stearoyl lactylate
mono diglycerides,sorbic acid
mono diglycerides,soy flour
mono diglycerides,soy lecithin
mono diglycerides,soy sauce
mono diglycerides,soybean
mono diglycerides,spices
mono diglycerides,starch
mono diglycerides,sugar
mono diglycerides,thiamine
mono diglycerides,titanium dioxide
mono diglycerides,tocopherols
mono diglycerides,vanilla
mono diglycerides,vegetable oil
mono diglycerides,vegetable oils
mono diglycerides,vitamins
mono diglycerides,water
mono diglycerides,wheat gluten
mono diglycerides,whey
mono diglycerides,xanthan gum
mono diglycerides,yeast
monosodium glutamate,onion
monosodium glutamate,paprika
monosodium glutamate,parmesan cheese
monosodium glutamate,parsley
monosodium glutamate,pepper
monosodium glutamate,phosphoric acid
monosodium glutamate,polysorbate
monosodium glutamate,potassium sorbate
monosodium glutamate,potatoes
monosodium glutamate,rice flour
monosodium glutamate,salt
monosodium glutamate,silicon dioxide
monosodium glutamate,sodium acetate
monosodium glutamate,sodium caseinate
monosodium glutamate,sodium citrate
monosodium glutamate,sodium nitrite
monosodium glutamate,sodium phosphates
monosodium glutamate,sodium stearoyl lactylate
monosodium glutamate,soy flour
monosodium glutamate,soy lecithin
monosodium glutamate,soy sauce
monosodium glutamate,soybean
monosodium glutamate,spices
monosodium glutamate,starch
monosodium glutamate,sugar
monosodium glutamate,titanium dioxide
monosodium glutamate,tocopherols
monosodium glutamate,turmeric
monosodium glutamate,vegetable oil
monosodium glutamate,vinegar
monosodium glutamate,vitamins
monosodium glutamate,water
monosodium glutamate,whey
monosodium glutamate,xanthan gum
monosodium glutamate,yeast
oat fiber,salt
oat fiber,sorbic acid
oat fiber,sugar
oat fiber,water
oat fiber,wheat gluten
oat fiber,yeast
onion,onion
onion,paprika
onion,parmesan cheese
onion,parsley
onion,pecans
onion,pepper
onion,phosphoric acid
onion,polysorbate
onion,pork
onion,potassium chloride
onion,potassium sorbate
onion,potatoes
onion,rice flour
onion,salt
onion,silicon dioxide
onion,sodium benzoate
onion,sodium caseinate
onion,sodium citrate
onion,sodium lactate
onion,sodium phosphates
onion,sodium stearoyl lactylate
onion,soy flour
onion,soy lecithin
onion,soy sauce
onion,soybean
onion,spices
onion,starch
onion,sugar
onion,titanium dioxide
onion,tocopherols
onion,tomato paste
onion,tomato powder
onion,tomatoes
onion,turmeric
onion,vegetable oil
onion,vinegar
onion,vitamins
onion,water
onion,wheat flour
onion,wheat gluten
onion,whey
onion,xanthan gum
onion,yeast
paprika,paprika
paprika,parmesan cheese
paprika,parsley
paprika,polysorbate
paprika,potatoes
paprika,rice flour
paprika,salt
paprika,silicon dioxide
paprika,sodium acetate
paprika,sodium caseinate
paprika,sodium phosphates
paprika,sodium stearoyl lactylate
paprika,soy flour
paprika,soy lecithin
paprika,soy sauce
paprika,soybean
paprika,spices
paprika,starch
paprika,sugar
paprika,tocopherols
paprika,tomato powder
paprika,turmeric
paprika,vegetable oil
paprika,vinegar
paprika,vitamins
paprika,whey
paprika,yeast
parmesan cheese,parsley
parmesan cheese,polysorbate
parmesan cheese,salt
parmesan cheese,sodium caseinate
parmesan cheese,sodium phosphates
parmesan cheese,sodium stearoyl lactylate
parmesan cheese,soy lecithin
parmesan cheese,soybean
parmesan cheese,spices
parmesan cheese,sugar
parmesan cheese,tomatoes
parmesan cheese,whey
parmesan cheese,yeast
parsley,polysorbate
parsley,potatoes
parsley,rice flour
parsley,salt
parsley,sodium caseinate
parsley,sodium phosphates
parsley,sodium stearoyl lactylate
parsley,soy lecithin
parsley,soybean
parsley,spices
parsley,sugar
parsley,tomato powder
parsley,whey
parsley,yeast
peanut butter,raisins
peanut butter,salt
peanut butter,soy lecithin
peanut butter,spices
peanut butter,sugar
peanut butter,vanilla
peanut butter,wheat flour
peanut butter,whey
peanuts,pecans
peanuts,salt
peanuts,soy lecithin
peanuts,sugar
peanuts,vegetable oil
peanuts,whey
pecans,potassium sorbate
pecans,spices
pecans,sugar
pecans,water
pecans,xanthan gum
pectin,guar gum
pectin,maltodextrin
pectin,potassium chloride
pectin,potassium sorbate
pectin,salt
pectin,sodium benzoate
pectin,sodium citrate
pectin,starch
pectin,sucralose
pectin,sugar
pectin,water
pectin,wheat gluten
pectin,whey
pectin,xanthan gum
pepper,potatoes
pepper,salt
pepper,spices
pepper,sugar
pepper,tomato paste
pepper,turmeric
pepper,vegetable oil
pepper,vinegar
pepper,vitamins
pepper,water
pepper,wheat flour
pepper,xanthan gum
pepper,yeast
phosphoric acid,potassium sorbate
phosphoric acid,salt
phosphoric acid,sodium benzoate
phosphoric acid,sodium phosphates
phosphoric acid,spices
phosphoric acid,titanium dioxide
phosphoric acid,vegetable oil
phosphoric acid,water
phosphoric acid,whey
phosphoric acid,xanthan gum
polysorbate,pepper
polysorbate,potassium sorbate
polysorbate,rice flour
polysorbate,salt
polysorbate,sodium benzoate
polysorbate,sodium caseinate
polysorbate,sodium phosphates
polysorbate,sodium stearoyl lactylate
polysorbate,soy flour
polysorbate,soy lecithin
polysorbate,soybean
polysorbate,spices
polysorbate,sugar
polysorbate,titanium dioxide
polysorbate,vanilla
polysorbate,vegetable oil
polysorbate,vinegar
polysorbate,water
polysorbate,whey
polysorbate,xanthan gum
polysorbate,yeast
popcorn,salt
popcorn,sugar
pork,salt
pork,sodium lactate
pork,soy lecithin
pork,spices
pork,starch
pork,sugar
pork,water
pork,wheat gluten
potassium chloride,salt
potassium chloride,sodium propionate
potassium chloride,soybean
potassium chloride,spices
potassium chloride,starch
potassium chloride,sugar
potassium chloride,tomato paste
potassium chloride,water
potassium chloride,wheat flour
potassium chloride,wheat gluten
potassium chloride,xanthan gum
potassium chloride,yeast
potassium citrate,salt
potassium citrate,sodium citrate
potassium citrate,soy lecithin
potassium citrate,sucralose
potassium citrate,sugar
potassium citrate,vitamins
potassium citrate,water
potassium sorbate,pepper
potassium sorbate,rice flour
potassium sorbate,salt
potassium sorbate,sodium benzoate
potassium sorbate,sodium citrate
potassium sorbate,sodium phosphates
potassium sorbate,sodium stearoyl lactylate
potassium sorbate,soy flour
potassium sorbate,soy lecithin
potassium sorbate,spices
potassium sorbate,sucralose
potassium sorbate,sugar
potassium sorbate,titanium dioxide
potassium sorbate,vegetable oil
potassium sorbate,vinegar
potassium sorbate,water
potassium sorbate,whey
potassium sorbate,xanthan gum
potatoes,rice flour
potatoes,salt
potatoes,seasoning
potatoes,silicon dioxide
potatoes,sodium citrate
potatoes,sodium phosphates
potatoes,soy flour
potatoes,spices
potatoes,sugar
potatoes,tomato powder
potatoes,turmeric
potatoes,vegetable oil
potatoes,water
potatoes,wheat flour
potatoes,whey
potatoes,yeast
pyridoxine hydrochloride,reduced iron
pyridoxine hydrochloride,riboflavin
pyridoxine hydrochloride,salt
pyridoxine hydrochloride,sodium stearoyl lactylate
pyridoxine hydrochloride,soy lecithin
pyridoxine hydrochloride,soybean
pyridoxine hydrochloride,starch
pyridoxine hydrochloride,sugar
pyridoxine hydrochloride,thiamine
pyridoxine hydrochloride,turmeric
pyridoxine hydrochloride,vegetable oil
pyridoxine hydrochloride,vitamins
pyridoxine hydrochloride,whey
pyridoxine hydrochloride,xanthan gum
raisins,salt
raisins,soy flour
raisins,soy lecithin
raisins,spices
raisins,sugar
raisins,sunflower seeds
raisins,water
raisins,wheat flour
raisins,wheat gluten
raisins,yeast
reduced iron,riboflavin
reduced iron,salt
reduced iron,sodium stearoyl lactylate
reduced iron,soy lecithin
reduced iron,soybean
reduced iron,sugar
reduced iron,thiamine
reduced iron,vanilla
reduced iron,vegetable oil
reduced iron,vitamins
reduced iron,wheat flour
reduced iron,whey
reduced iron,xanthan gum
reduced iron,zinc oxide
riboflavin,salt
riboflavin,sodium stearoyl lactylate
riboflavin,soy lecithin
riboflavin,soybean
riboflavin,starch
riboflavin,sugar
riboflavin,thiamine
riboflavin,turmeric
riboflavin,vegetable oil
riboflavin,vitamins
riboflavin,water
riboflavin,whey
riboflavin,xanthan gum
riboflavin,zinc oxide
rice flour,salt
rice flour,soy lecithin
rice flour,spices
rice flour,sugar
rice flour,tomato powder
rice flour,water
rice flour,whey
rice flour,yeast
salt,baking powder
salt,salt
salt,seasoning
salt,sesame seeds
salt,silicon dioxide
salt,sodium acetate
salt,sodium benzoate
salt,sodium caseinate
salt,sodium citrate
salt,sodium lactate
salt,sodium nitrite
salt,sodium phosphates
salt,sodium stearoyl lactylate
salt,sorbic acid
salt,sorbitol
salt,soy flour
salt,soy lecithin
salt,soy sauce
salt,soybean
salt,spices
salt,starch
salt,sucralose
salt,sugar
salt,sunflower seeds
salt,thiamine
salt,titanium dioxide
salt,tocopherols
salt,tomato paste
salt,tomato powder
salt,tomatoes
salt,turmeric
salt,vanilla
salt,vegetable oil
salt,vinegar
salt,vitamins
salt,water
salt,wheat flour
salt,wheat gluten
salt,whey
salt,xanthan gum
salt,yeast
salt,zinc oxide
seasoning,sodium benzoate
seasoning,soybean
seasoning,spices
seasoning,sugar
seasoning,tomato paste
seasoning,tomatoes
seasoning,vegetable oil
seasoning,whey
sesame seeds,sugar
sesame seeds,vanilla
sesame seeds,water
sesame seeds,yeast
silicon dioxide,sodium citrate
silicon dioxide,sodium phosphates
silicon dioxide,soy flour
silicon dioxide,spices
silicon dioxide,sugar
silicon dioxide,tomato powder
silicon dioxide,tricalcium phosphate
silicon dioxide,vinegar
silicon dioxide,whey
silicon dioxide,yeast
sodium acetate,sodium nitrite
sodium acetate,soy lecithin
sodium acetate,spices
sodium acetate,sugar
sodium acetate,vinegar
sodium acetate,water
sodium ascorbate,water
sodium benzoate,sodium citrate
sodium benzoate,sorbic acid
sodium benzoate,soy sauce
sodium benzoate,soybean
sodium benzoate,spices
sodium benzoate,sucralose
sodium benzoate,sugar
sodium benzoate,tomato paste
sodium benzoate,tomatoes
sodium benzoate,vegetable oil
sodium benzoate,water
sodium benzoate,whey
sodium benzoate,xanthan gum
sodium caseinate,sodium phosphates
sodium caseinate,sodium stearoyl lactylate
sodium caseinate,soy lecithin
sodium caseinate,soybean
sodium caseinate,spices
sodium caseinate,sugar
sodium caseinate,whey
sodium caseinate,yeast
sodium citrate,sodium phosphates
sodium citrate,soy lecithin
sodium citrate,starch
sodium citrate,sugar
sodium citrate,water
sodium citrate,whey
sodium citrate,yeast
sodium lactate,soy lecithin
sodium lactate,spices
sodium lactate,sugar
sodium lactate,water
sodium lactate,wheat gluten
sodium nitrite,spices
sodium nitrite,sugar
sodium nitrite,water
sodium phosphates,salt
sodium phosphates,sodium stearoyl lactylate
sodium phosphates,soy flour
sodium phosphates,soy lecithin
sodium phosphates,soybean
sodium phosphates,spices
sodium phosphates,starch
sodium phosphates,sugar
sodium phosphates,titanium dioxide
sodium phosphates,vegetable oil
sodium phosphates,vinegar
sodium phosphates,water
sodium phosphates,whey
sodium phosphates,xanthan gum
sodium phosphates,yeast
sodium propionate,baking powder
sodium propionate,salt
sodium propionate,soybean
sodium propionate,sugar
sodium propionate,water
sodium propionate,xanthan gum
sodium stearoyl lactylate,soy lecithin
sodium stearoyl lactylate,soybean
sodium stearoyl lactylate,spices
sodium stearoyl lactylate,sugar
sodium stearoyl lactylate,thiamine
sodium stearoyl lactylate,vanilla
sodium stearoyl lactylate,vegetable oil
sodium stearoyl lactylate,vitamins
sodium stearoyl lactylate,water
sodium stearoyl lactylate,whey
sodium stearoyl lactylate,xanthan gum
sodium stearoyl lactylate,yeast
sorbic acid,soy lecithin
sorbic acid,spices
sorbic acid,sugar
sorbic acid,vegetable oil
sorbic acid,water
sorbic acid,wheat flour
sorbic acid,wheat gluten
sorbic acid,whey
sorbic acid,xanthan gum
sorbic acid,yeast
sorbitol,spices
sorbitol,sugar
sorbitol,whey
soy flour,soy lecithin
soy flour,spices
soy flour,sugar
soy flour,water
soy flour,wheat flour
soy flour,wheat gluten
soy flour,whey
soy flour,xanthan gum
soy flour,yeast
soy lecithin,soybean
soy lecithin,spices
soy lecithin,starch
soy lecithin,sugar
soy lecithin,thiamine
soy lecithin,turmeric
soy lecithin,vanilla
soy lecithin,vegetable oil
soy lecithin,vinegar
soy lecithin,vitamins
soy lecithin,water
soy lecithin,wheat flour
soy lecithin,wheat gluten
soy lecithin,whey
soy lecithin,xanthan gum
soy lecithin,yeast
soy sauce,spices
soy sauce,sugar
soy sauce,tocopherols
soy sauce,vegetable oil
soy sauce,water
soy sauce,yeast
soybean,polysorbate
soybean,potassium sorbate
soybean,pyridoxine hydrochloride
soybean,riboflavin
soybean,rice flour
soybean,salt
soybean,soy lecithin
soybean,spices
soybean,starch
soybean,sugar
soybean,thiamine
soybean,tomato paste
soybean,tomatoes
soybean,turmeric
soybean,vanilla
soybean,vegetable oil
soybean,vitamins
soybean,water
soybean,wheat flour
soybean,whey
soybean,xanthan gum
soybean,yeast
spices,coconut
spices,corn syrup
spices,dextrose
spices,dough conditioners
spices,flour
spices,folic acid
spices,gelatin
spices,guar gum
spices,honey
spices,leavening
spices,malic acid
spices,maltodextrin
spices,milk
spices,molasses
spices,pyridoxine hydrochloride
spices,raisins
spices,riboflavin
spices,salt
spices,sesame seeds
spices,sodium benzoate
spices,soy flour
spices,soy lecithin
spices,soybean
spices,starch
spices,sugar
spices,thiamine
spices,titanium dioxide
spices,tocopherols
spices,tomato paste
spices,tomato powder
spices,tomatoes
spices,turmeric
spices,vanilla
spices,vegetable oil
spices,vinegar
spices,vitamins
spices,water
spices,wheat flour
spices,wheat gluten
spices,whey
spices,xanthan gum
spices,yeast
starch,baking powder
starch,corn syrup
starch,cream
starch,datem
starch,dextrose
starch,diglycerides
starch,dough conditioners
starch,eggs
starch,enzymes
starch,flour
starch,folic acid
starch,fructose
starch,garlic
starch,gelatin
starch,glycerin
starch,guar gum
starch,gum arabic
starch,honey
starch,hydrolyzed soy protein
starch,lactic acid
starch,lactose
starch,leavening
starch,lemon juice concentrate
starch,malic acid
starch,maltodextrin
starch,milk
starch,molasses
starch,mono diglycerides
starch,monosodium glutamate
starch,onion
starch,paprika
starch,peanuts
starch,pectin
starch,phosphoric acid
starch,polysorbate
starch,pork
starch,potassium sorbate
starch,potatoes
starch,pyridoxine hydrochloride
starch,raisins
starch,reduced iron
starch,riboflavin
starch,rice flour
starch,salt
starch,silicon dioxide
starch,sodium benzoate
starch,sodium caseinate
starch,sodium citrate
starch,sodium lactate
starch,sodium phosphates
starch,sodium propionate
starch,sodium stearoyl lactylate
starch,sorbitol
starch,soy flour
starch,soy lecithin
starch,soy sauce
starch,soybean
starch,spices
starch,starch
starch,sugar
starch,thiamine
starch,titanium dioxide
starch,tocopherols
starch,tomato paste
starch,turmeric
starch,vanilla
starch,vegetable oil
starch,vegetable oils
starch,vinegar
starch,vitamins
starch,water
starch,wheat flour
starch,wheat gluten
starch,whey
starch,xanthan gum
starch,yeast
sucralose,vitamins
sucralose,water
sugar,starch
sugar,sugar
sugar,sunflower seeds
sugar,thiamine
sugar,titanium dioxide
sugar,tomato paste
sugar,tomato powder
sugar,tomatoes
sugar,tricalcium phosphate
sugar,turmeric
sugar,vanilla
sugar,vegetable oil
sugar,vinegar
sugar,vitamins
sugar,water
sugar,wheat flour
sugar,wheat gluten
sugar,whey
sugar,xanthan gum
sugar,yeast
sugar,zinc oxide
thiamine,starch
thiamine,turmeric
thiamine,vegetable oil
thiamine,vitamins
thiamine,wheat flour
thiamine,whey
thiamine,xanthan gum
thiamine,zinc oxide
titanium dioxide,vanilla
titanium dioxide,vegetable oil
titanium dioxide,water
titanium dioxide,whey
titanium dioxide,xanthan gum
tocopherols,vegetable oil
tocopherols,wheat flour
tomato paste,tomatoes
tomato paste,water
tomato powder,vinegar
tomato powder,whey
tomato powder,yeast
tomatoes,yeast
turmeric,starch
turmeric,vegetable oil
turmeric,vitamins
turmeric,water
turmeric,xanthan gum
turmeric,yeast
vanilla,vegetable oil
vanilla,vitamins
vanilla,water
vanilla,whey
vanilla,xanthan gum
vanilla,yeast
vegetable oil,carrageenan
vegetable oil,cheddar cheese
vegetable oil,chicken
vegetable oil,citric acid
vegetable oil,coconut
vegetable oil,corn syrup
vegetable oil,cream
vegetable oil,dextrose
vegetable oil,diglycerides
vegetable oil,disodium guanylate
vegetable oil,disodium inosinate
vegetable oil,flour
vegetable oil,folic acid
vegetable oil,garlic
vegetable oil,gelatin
vegetable oil,guar gum
vegetable oil,honey
vegetable oil,lactic acid
vegetable oil,leavening
vegetable oil,malic acid
vegetable oil,maltodextrin
vegetable oil,milk
vegetable oil,molasses
vegetable oil,mono diglycerides
vegetable oil,monosodium glutamate
vegetable oil,onion
vegetable oil,paprika
vegetable oil,parmesan cheese
vegetable oil,parsley
vegetable oil,peanut butter
vegetable oil,peanuts
vegetable oil,pepper
vegetable oil,polysorbate
vegetable oil,popcorn
vegetable oil,potassium chloride
vegetable oil,potassium sorbate
vegetable oil,potatoes
vegetable oil,pyridoxine hydrochloride
vegetable oil,raisins
vegetable oil,reduced iron
vegetable oil,riboflavin
vegetable oil,rice flour
vegetable oil,salt
vegetable oil,seasoning
vegetable oil,silicon dioxide
vegetable oil,sodium benzoate
vegetable oil,sodium citrate
vegetable oil,sodium phosphates
vegetable oil,sodium propionate
vegetable oil,sodium stearoyl lactylate
vegetable oil,soy flour
vegetable oil,soy lecithin
vegetable oil,soy sauce
vegetable oil,soybean
vegetable oil,spices
vegetable oil,starch
vegetable oil,sugar
vegetable oil,tbhq
vegetable oil,thiamine
vegetable oil,titanium dioxide
vegetable oil,tomato paste
vegetable oil,tomato powder
vegetable oil,tomatoes
vegetable oil,turmeric
vegetable oil,vanilla
vegetable oil,vegetable oil
vegetable oil,vegetable oils
vegetable oil,vinegar
vegetable oil,vitamins
vegetable oil,water
vegetable oil,wheat flour
vegetable oil,wheat gluten
vegetable oil,whey
vegetable oil,xanthan gum
vegetable oil,yeast
vegetable oils,polysorbate
vegetable oils,potassium sorbate
vegetable oils,salt
vegetable oils,sodium caseinate
vegetable oils,sodium stearoyl lactylate
vegetable oils,soy lecithin
vegetable oils,sugar
vegetable oils,titanium dioxide
vegetable oils,vegetable oil
vegetable oils,water
vegetable oils,xanthan gum
vinegar,garlic
vinegar,gelatin
vinegar,guar gum
vinegar,honey
vinegar,lactic acid
vinegar,maltodextrin
vinegar,molasses
vinegar,mono diglycerides
vinegar,monosodium glutamate
vinegar,onion
vinegar,pepper
vinegar,phosphoric acid
vinegar,polysorbate
vinegar,potassium sorbate
vinegar,salt
vinegar,sodium benzoate
vinegar,sodium phosphates
vinegar,sorbic acid
vinegar,soy sauce
vinegar,spices
vinegar,starch
vinegar,sugar
vinegar,titanium dioxide
vinegar,tomato paste
vinegar,turmeric
vinegar,vegetable oil
vinegar,vitamins
vinegar,water
vinegar,whey
vinegar,xanthan gum
vinegar,yeast
vitamins,starch
vitamins,vitamins
vitamins,water
vitamins,wheat flour
vitamins,whey
vitamins,xanthan gum
vitamins,yeast
vitamins,zinc oxide
water,water
water,wheat flour
water,wheat gluten
water,whey
water,xanthan gum
water,yeast
wheat flour,calcium carbonate
wheat flour,chocolate
wheat flour,cocoa
wheat flour,corn syrup
wheat flour,dextrose
wheat flour,eggs
wheat flour,flour
wheat flour,gelatin
wheat flour,leavening
wheat flour,molasses
wheat flour,salt
wheat flour,soy lecithin
wheat flour,soybean
wheat flour,starch
wheat flour,sugar
wheat flour,vanilla
wheat flour,vegetable oil
wheat flour,vitamins
wheat flour,wheat flour
wheat flour,wheat gluten
wheat flour,whey
wheat flour,xanthan gum
wheat flour,yeast
wheat gluten,wheat flour
wheat gluten,whey
wheat gluten,xanthan gum
wheat gluten,yeast
whey,wheat flour
whey,whey
whey,xanthan gum
whey,yeast
xanthan gum,yeast
